Ticker,Date,Close
SP500,12/16/2019,3191.45
SP500,12/17/2019,3192.52
SP500,12/18/2019,3191.14
SP500,12/19/2019,3205.37
SP500,12/20/2019,3221.22
SP500,12/23/2019,3224.01
SP500,12/24/2019,3223.38
SP500,12/26/2019,3239.91
SP500,12/27/2019,3240.02
SP500,12/30/2019,3221.29
SP500,12/31/2019,3230.78
SP500,1/2/2020,3257.85
SP500,1/3/2020,3234.85
SP500,1/6/2020,3246.28
SP500,1/7/2020,3237.18
SP500,1/8/2020,3253.05
SP500,1/9/2020,3274.7
SP500,1/10/2020,3265.35
SP500,1/13/2020,3288.13
SP500,1/14/2020,3283.15
SP500,1/15/2020,3289.29
SP500,1/16/2020,3316.81
SP500,1/17/2020,3329.62
SP500,1/21/2020,3320.79
SP500,1/22/2020,3321.75
SP500,1/23/2020,3325.54
SP500,1/24/2020,3295.47
SP500,1/27/2020,3243.63
SP500,1/28/2020,3276.24
SP500,1/29/2020,3273.4
SP500,1/30/2020,3283.66
SP500,1/31/2020,3225.52
SP500,2/3/2020,3248.92
SP500,2/4/2020,3297.59
SP500,2/5/2020,3334.69
SP500,2/6/2020,3345.78
SP500,2/7/2020,3327.71
SP500,2/10/2020,3352.09
SP500,2/11/2020,3357.75
SP500,2/12/2020,3379.45
SP500,2/13/2020,3373.94
SP500,2/14/2020,3380.16
SP500,2/18/2020,3370.29
SP500,2/19/2020,3386.15
SP500,2/20/2020,3373.23
SP500,2/21/2020,3337.75
SP500,2/24/2020,3225.89
SP500,2/25/2020,3128.21
SP500,2/26/2020,3116.39
SP500,2/27/2020,2978.76
SP500,2/28/2020,2954.22
SP500,3/2/2020,3090.23
SP500,3/3/2020,3003.37
SP500,3/4/2020,3130.12
SP500,3/5/2020,3023.94
SP500,3/6/2020,2972.37
SP500,3/9/2020,2746.56
SP500,3/10/2020,2882.23
SP500,3/11/2020,2741.38
SP500,3/12/2020,2480.64
SP500,3/13/2020,2711.02
SP500,3/16/2020,2386.13
SP500,3/17/2020,2529.19
SP500,3/18/2020,2398.1
SP500,3/19/2020,2409.39
SP500,3/20/2020,2304.92
SP500,3/23/2020,2237.4
SP500,3/24/2020,2447.33
SP500,3/25/2020,2475.56
SP500,3/26/2020,2630.07
SP500,3/27/2020,2541.47
SP500,3/30/2020,2626.65
SP500,3/31/2020,2584.59
SP500,4/1/2020,2470.5
SP500,4/2/2020,2526.9
SP500,4/3/2020,2488.65
SP500,4/6/2020,2663.68
SP500,4/7/2020,2659.41
SP500,4/8/2020,2749.98
SP500,4/9/2020,2789.82
SP500,4/13/2020,2761.63
SP500,4/14/2020,2846.06
SP500,4/15/2020,2783.36
SP500,4/16/2020,2799.55
SP500,4/17/2020,2874.56
SP500,4/20/2020,2823.16
SP500,4/21/2020,2736.56
SP500,4/22/2020,2799.31
SP500,4/23/2020,2797.8
SP500,4/24/2020,2836.74
SP500,4/27/2020,2878.48
SP500,4/28/2020,2863.39
SP500,4/29/2020,2939.51
SP500,4/30/2020,2912.43
SP500,5/1/2020,2830.71
SP500,5/4/2020,2842.74
SP500,5/5/2020,2868.44
SP500,5/6/2020,2848.42
SP500,5/7/2020,2881.19
SP500,5/8/2020,2929.8
SP500,5/11/2020,2930.32
SP500,5/12/2020,2870.12
SP500,5/13/2020,2820
SP500,5/14/2020,2852.5
SP500,5/15/2020,2863.7
SP500,5/18/2020,2953.91
SP500,5/19/2020,2922.94
SP500,5/20/2020,2971.61
SP500,5/21/2020,2948.51
SP500,5/22/2020,2955.45
SP500,5/26/2020,2991.77
SP500,5/27/2020,3036.13
SP500,5/28/2020,3029.73
SP500,5/29/2020,3044.31
SP500,6/1/2020,3055.73
SP500,6/2/2020,3080.82
SP500,6/3/2020,3122.87
SP500,6/4/2020,3112.35
SP500,6/5/2020,3193.93
SP500,6/8/2020,3232.39
SP500,6/9/2020,3207.18
SP500,6/10/2020,3190.14
SP500,6/11/2020,3002.1
SP500,6/12/2020,3041.31
SP500,6/15/2020,3066.59
SP500,6/16/2020,3124.74
SP500,6/17/2020,3113.49
SP500,6/18/2020,3115.34
SP500,6/19/2020,3097.74
SP500,6/22/2020,3117.86
SP500,6/23/2020,3131.29
SP500,6/24/2020,3050.33
SP500,6/25/2020,3083.76
SP500,6/26/2020,3009.05
SP500,6/29/2020,3053.24
SP500,6/30/2020,3100.29
SP500,7/1/2020,3115.86
SP500,7/2/2020,3130.01
SP500,7/6/2020,3179.72
SP500,7/7/2020,3145.32
SP500,7/8/2020,3169.94
SP500,7/9/2020,3152.05
SP500,7/10/2020,3185.04
SP500,7/13/2020,3155.22
SP500,7/14/2020,3197.52
SP500,7/15/2020,3226.56
SP500,7/16/2020,3215.57
SP500,7/17/2020,3224.73
SP500,7/20/2020,3251.84
SP500,7/21/2020,3257.3
SP500,7/22/2020,3276.02
SP500,7/23/2020,3235.66
SP500,7/24/2020,3215.63
SP500,7/27/2020,3239.41
SP500,7/28/2020,3218.44
SP500,7/29/2020,3258.44
SP500,7/30/2020,3246.22
SP500,7/31/2020,3271.12
SP500,8/3/2020,3294.61
SP500,8/4/2020,3306.51
SP500,8/5/2020,3327.77
SP500,8/6/2020,3349.16
SP500,8/7/2020,3351.28
SP500,8/10/2020,3360.47
SP500,8/11/2020,3333.69
SP500,8/12/2020,3380.35
SP500,8/13/2020,3373.43
SP500,8/14/2020,3372.85
SP500,8/17/2020,3381.99
SP500,8/18/2020,3389.78
SP500,8/19/2020,3374.85
SP500,8/20/2020,3385.51
SP500,8/21/2020,3397.16
SP500,8/24/2020,3431.28
SP500,8/25/2020,3443.62
SP500,8/26/2020,3478.73
SP500,8/27/2020,3484.55
SP500,8/28/2020,3508.01
SP500,8/31/2020,3500.31
SP500,9/1/2020,3526.65
SP500,9/2/2020,3580.84
SP500,9/3/2020,3455.06
SP500,9/4/2020,3426.96
SP500,9/8/2020,3331.84
SP500,9/9/2020,3398.96
SP500,9/10/2020,3339.19
SP500,9/11/2020,3340.97
SP500,9/14/2020,3383.54
SP500,9/15/2020,3401.2
SP500,9/16/2020,3385.49
SP500,9/17/2020,3357.01
SP500,9/18/2020,3319.47
SP500,9/21/2020,3281.06
SP500,9/22/2020,3315.57
SP500,9/23/2020,3236.92
SP500,9/24/2020,3246.59
SP500,9/25/2020,3298.46
SP500,9/28/2020,3351.6
SP500,9/29/2020,3335.47
SP500,9/30/2020,3363
SP500,10/1/2020,3380.8
SP500,10/2/2020,3348.44
SP500,10/5/2020,3408.63
SP500,10/6/2020,3360.95
SP500,10/7/2020,3419.45
SP500,10/8/2020,3446.83
SP500,10/9/2020,3477.13
SP500,10/12/2020,3534.22
SP500,10/13/2020,3511.93
SP500,10/14/2020,3488.67
SP500,10/15/2020,3483.34
SP500,10/16/2020,3483.81
SP500,10/19/2020,3426.92
SP500,10/20/2020,3443.12
SP500,10/21/2020,3435.56
SP500,10/22/2020,3453.49
SP500,10/23/2020,3465.39
SP500,10/26/2020,3400.97
SP500,10/27/2020,3390.68
SP500,10/28/2020,3271.03
SP500,10/29/2020,3310.11
SP500,10/30/2020,3269.96
SP500,11/2/2020,3310.24
SP500,11/3/2020,3369.16
SP500,11/4/2020,3443.44
SP500,11/5/2020,3510.45
SP500,11/6/2020,3509.44
SP500,11/9/2020,3550.5
SP500,11/10/2020,3545.53
SP500,11/11/2020,3572.66
SP500,11/12/2020,3537.01
SP500,11/13/2020,3585.15
SP500,11/16/2020,3626.91
SP500,11/17/2020,3609.53
SP500,11/18/2020,3567.79
SP500,11/19/2020,3581.87
SP500,11/20/2020,3557.54
SP500,11/23/2020,3577.59
SP500,11/24/2020,3635.41
SP500,11/25/2020,3629.65
SP500,11/27/2020,3638.35
SP500,11/30/2020,3621.63
SP500,12/1/2020,3662.45
SP500,12/2/2020,3669.01
SP500,12/3/2020,3666.72
SP500,12/4/2020,3699.12
SP500,12/7/2020,3691.96
SP500,12/8/2020,3702.25
SP500,12/9/2020,3672.82
SP500,12/10/2020,3668.1
SP500,12/11/2020,3663.46
SP500,12/14/2020,3647.49
SP500,12/15/2020,3694.62
SP500,12/16/2020,3701.17
SP500,12/17/2020,3722.48
SP500,12/18/2020,3709.41
SP500,12/21/2020,3694.92
SP500,12/22/2020,3687.26
SP500,12/23/2020,3690.01
SP500,12/24/2020,3703.06
SP500,12/28/2020,3735.36
SP500,12/29/2020,3727.04
SP500,12/30/2020,3732.04
SP500,12/31/2020,3756.07
SP500,1/4/2021,3700.65
SP500,1/5/2021,3726.86
SP500,1/6/2021,3748.14
SP500,1/7/2021,3803.79
SP500,1/8/2021,3824.68
SP500,1/11/2021,3799.61
SP500,1/12/2021,3801.19
SP500,1/13/2021,3809.84
SP500,1/14/2021,3795.54
SP500,1/15/2021,3768.25
FTSE,12/16/2019,7519.05
FTSE,12/17/2019,7525.28
FTSE,12/18/2019,7540.75
FTSE,12/19/2019,7573.82
FTSE,12/20/2019,7582.48
FTSE,12/23/2019,7623.59
FTSE,12/24/2019,7632.24
FTSE,12/27/2019,7644.9
FTSE,12/30/2019,7587.05
FTSE,12/31/2019,7542.44
FTSE,1/2/2020,7604.3
FTSE,1/3/2020,7622.4
FTSE,1/6/2020,7575.34
FTSE,1/7/2020,7573.85
FTSE,1/8/2020,7574.93
FTSE,1/9/2020,7598.12
FTSE,1/10/2020,7587.85
FTSE,1/13/2020,7617.6
FTSE,1/14/2020,7622.35
FTSE,1/15/2020,7642.8
FTSE,1/16/2020,7609.81
FTSE,1/17/2020,7674.56
FTSE,1/20/2020,7651.44
FTSE,1/21/2020,7610.7
FTSE,1/22/2020,7571.92
FTSE,1/23/2020,7507.67
FTSE,1/24/2020,7585.98
FTSE,1/27/2020,7412.05
FTSE,1/28/2020,7480.69
FTSE,1/29/2020,7483.57
FTSE,1/30/2020,7381.96
FTSE,1/31/2020,7286.01
FTSE,2/3/2020,7326.31
FTSE,2/4/2020,7439.82
FTSE,2/5/2020,7482.48
FTSE,2/6/2020,7504.79
FTSE,2/7/2020,7466.7
FTSE,2/10/2020,7446.88
FTSE,2/11/2020,7499.44
FTSE,2/12/2020,7534.37
FTSE,2/13/2020,7452.03
FTSE,2/14/2020,7409.13
FTSE,2/17/2020,7433.25
FTSE,2/18/2020,7382.01
FTSE,2/19/2020,7457.02
FTSE,2/20/2020,7436.64
FTSE,2/21/2020,7403.92
FTSE,2/24/2020,7156.83
FTSE,2/25/2020,7017.88
FTSE,2/26/2020,7042.47
FTSE,2/27/2020,6796.4
FTSE,2/28/2020,6580.61
FTSE,3/2/2020,6654.89
FTSE,3/3/2020,6718.2
FTSE,3/4/2020,6815.59
FTSE,3/5/2020,6705.43
FTSE,3/6/2020,6462.55
FTSE,3/9/2020,5965.77
FTSE,3/10/2020,5960.23
FTSE,3/11/2020,5876.52
FTSE,3/12/2020,5237.48
FTSE,3/13/2020,5366.11
FTSE,3/16/2020,5151.08
FTSE,3/17/2020,5294.9
FTSE,3/18/2020,5080.58
FTSE,3/19/2020,5151.61
FTSE,3/20/2020,5190.78
FTSE,3/23/2020,4993.89
FTSE,3/24/2020,5446.01
FTSE,3/25/2020,5688.2
FTSE,3/26/2020,5815.73
FTSE,3/27/2020,5510.33
FTSE,3/30/2020,5563.74
FTSE,3/31/2020,5671.96
FTSE,4/1/2020,5454.57
FTSE,4/2/2020,5480.22
FTSE,4/3/2020,5415.5
FTSE,4/6/2020,5582.39
FTSE,4/7/2020,5704.45
FTSE,4/8/2020,5677.73
FTSE,4/9/2020,5842.66
FTSE,4/14/2020,5791.31
FTSE,4/15/2020,5597.65
FTSE,4/16/2020,5628.43
FTSE,4/17/2020,5786.96
FTSE,4/20/2020,5812.83
FTSE,4/21/2020,5641.03
FTSE,4/22/2020,5770.63
FTSE,4/23/2020,5826.61
FTSE,4/24/2020,5752.23
FTSE,4/27/2020,5846.79
FTSE,4/28/2020,5958.5
FTSE,4/29/2020,6115.25
FTSE,4/30/2020,5901.21
FTSE,5/1/2020,5763.06
FTSE,5/4/2020,5753.78
FTSE,5/5/2020,5849.42
FTSE,5/6/2020,5853.76
FTSE,5/7/2020,5935.98
FTSE,5/11/2020,5939.73
FTSE,5/12/2020,5994.77
FTSE,5/13/2020,5904.05
FTSE,5/14/2020,5741.54
FTSE,5/15/2020,5799.77
FTSE,5/18/2020,6048.59
FTSE,5/19/2020,6002.23
FTSE,5/20/2020,6067.16
FTSE,5/21/2020,6015.25
FTSE,5/22/2020,5993.28
FTSE,5/26/2020,6067.76
FTSE,5/27/2020,6144.25
FTSE,5/28/2020,6218.79
FTSE,5/29/2020,6076.6
FTSE,6/1/2020,6166.42
FTSE,6/2/2020,6220.14
FTSE,6/3/2020,6382.41
FTSE,6/4/2020,6341.44
FTSE,6/5/2020,6484.3
FTSE,6/8/2020,6472.59
FTSE,6/9/2020,6335.72
FTSE,6/10/2020,6329.13
FTSE,6/11/2020,6076.7
FTSE,6/12/2020,6105.18
FTSE,6/15/2020,6064.7
FTSE,6/16/2020,6242.79
FTSE,6/17/2020,6253.25
FTSE,6/18/2020,6224.07
FTSE,6/19/2020,6292.6
FTSE,6/22/2020,6244.62
FTSE,6/23/2020,6320.12
FTSE,6/24/2020,6123.69
FTSE,6/25/2020,6147.14
FTSE,6/26/2020,6159.3
FTSE,6/29/2020,6225.77
FTSE,6/30/2020,6169.74
FTSE,7/1/2020,6157.96
FTSE,7/2/2020,6240.36
FTSE,7/3/2020,6157.3
FTSE,7/6/2020,6285.94
FTSE,7/7/2020,6189.9
FTSE,7/8/2020,6156.16
FTSE,7/9/2020,6049.62
FTSE,7/10/2020,6095.41
FTSE,7/13/2020,6176.19
FTSE,7/14/2020,6179.75
FTSE,7/15/2020,6292.65
FTSE,7/16/2020,6250.69
FTSE,7/17/2020,6290.3
FTSE,7/20/2020,6261.52
FTSE,7/21/2020,6269.73
FTSE,7/22/2020,6207.1
FTSE,7/23/2020,6211.44
FTSE,7/24/2020,6123.82
FTSE,7/27/2020,6104.88
FTSE,7/28/2020,6129.26
FTSE,7/29/2020,6131.46
FTSE,7/30/2020,5989.99
FTSE,7/31/2020,5897.76
FTSE,8/3/2020,6032.85
FTSE,8/4/2020,6036
FTSE,8/5/2020,6104.72
FTSE,8/6/2020,6026.94
FTSE,8/7/2020,6032.18
FTSE,8/10/2020,6050.59
FTSE,8/11/2020,6154.34
FTSE,8/12/2020,6280.12
FTSE,8/13/2020,6185.62
FTSE,8/14/2020,6090.04
FTSE,8/17/2020,6127.44
FTSE,8/18/2020,6076.62
FTSE,8/19/2020,6111.98
FTSE,8/20/2020,6013.34
FTSE,8/21/2020,6001.89
FTSE,8/24/2020,6104.73
FTSE,8/25/2020,6037.01
FTSE,8/26/2020,6045.6
FTSE,8/27/2020,5999.99
FTSE,8/28/2020,5963.57
FTSE,9/1/2020,5862.05
FTSE,9/2/2020,5940.95
FTSE,9/3/2020,5850.86
FTSE,9/4/2020,5799.08
FTSE,9/7/2020,5937.4
FTSE,9/8/2020,5930.3
FTSE,9/9/2020,6012.84
FTSE,9/10/2020,6003.32
FTSE,9/11/2020,6032.09
FTSE,9/14/2020,6026.25
FTSE,9/15/2020,6105.54
FTSE,9/16/2020,6078.48
FTSE,9/17/2020,6049.92
FTSE,9/18/2020,6007.05
FTSE,9/21/2020,5804.29
FTSE,9/22/2020,5829.46
FTSE,9/23/2020,5899.26
FTSE,9/24/2020,5822.78
FTSE,9/25/2020,5842.67
FTSE,9/28/2020,5927.93
FTSE,9/29/2020,5897.5
FTSE,9/30/2020,5866.1
FTSE,10/1/2020,5879.45
FTSE,10/2/2020,5902.12
FTSE,10/5/2020,5942.94
FTSE,10/6/2020,5949.94
FTSE,10/7/2020,5946.25
FTSE,10/8/2020,5978.03
FTSE,10/9/2020,6016.65
FTSE,10/12/2020,6001.38
FTSE,10/13/2020,5969.71
FTSE,10/14/2020,5935.06
FTSE,10/15/2020,5832.52
FTSE,10/16/2020,5919.58
FTSE,10/19/2020,5884.65
FTSE,10/20/2020,5889.22
FTSE,10/21/2020,5776.5
FTSE,10/22/2020,5785.65
FTSE,10/23/2020,5860.28
FTSE,10/26/2020,5792.01
FTSE,10/27/2020,5728.99
FTSE,10/28/2020,5582.8
FTSE,10/29/2020,5581.75
FTSE,10/30/2020,5577.27
FTSE,11/2/2020,5654.97
FTSE,11/3/2020,5786.77
FTSE,11/4/2020,5883.26
FTSE,11/5/2020,5906.18
FTSE,11/6/2020,5910.02
FTSE,11/9/2020,6186.29
FTSE,11/10/2020,6296.85
FTSE,11/11/2020,6382.1
FTSE,11/12/2020,6338.94
FTSE,11/13/2020,6316.39
FTSE,11/16/2020,6421.29
FTSE,11/17/2020,6365.33
FTSE,11/18/2020,6385.24
FTSE,11/19/2020,6334.35
FTSE,11/20/2020,6351.45
FTSE,11/23/2020,6333.84
FTSE,11/24/2020,6432.17
FTSE,11/25/2020,6391.09
FTSE,11/26/2020,6362.93
FTSE,11/27/2020,6367.58
FTSE,11/30/2020,6266.19
FTSE,12/1/2020,6384.73
FTSE,12/2/2020,6463.39
FTSE,12/3/2020,6490.27
FTSE,12/4/2020,6550.23
FTSE,12/7/2020,6555.39
FTSE,12/8/2020,6558.82
FTSE,12/9/2020,6564.29
FTSE,12/10/2020,6599.76
FTSE,12/11/2020,6546.75
FTSE,12/14/2020,6531.83
FTSE,12/15/2020,6513.32
FTSE,12/16/2020,6570.91
FTSE,12/17/2020,6551.06
FTSE,12/18/2020,6529.18
FTSE,12/21/2020,6416.32
FTSE,12/22/2020,6453.16
FTSE,12/23/2020,6495.75
FTSE,12/24/2020,6502.11
FTSE,12/29/2020,6602.65
FTSE,12/30/2020,6555.82
FTSE,12/31/2020,6460.52
FTSE,1/4/2021,6571.88
FTSE,1/5/2021,6612.25
FTSE,1/6/2021,6841.86
FTSE,1/7/2021,6856.96
FTSE,1/8/2021,6873.26
FTSE,1/11/2021,6798.48
FTSE,1/12/2021,6754.11
FTSE,1/13/2021,6745.52
FTSE,1/14/2021,6801.96
FTSE,1/15/2021,6735.71
CAC,12/16/2019,5991.66
CAC,12/17/2019,5968.26
CAC,12/18/2019,5959.6
CAC,12/19/2019,5972.28
CAC,12/20/2019,6021.53
CAC,12/23/2019,6029.37
CAC,12/24/2019,6029.55
CAC,12/27/2019,6037.39
CAC,12/30/2019,5982.22
CAC,12/31/2019,5978.06
CAC,1/2/2020,6041.5
CAC,1/3/2020,6044.16
CAC,1/6/2020,6013.59
CAC,1/7/2020,6012.35
CAC,1/8/2020,6031
CAC,1/9/2020,6042.55
CAC,1/10/2020,6037.11
CAC,1/13/2020,6036.14
CAC,1/14/2020,6040.89
CAC,1/15/2020,6032.61
CAC,1/16/2020,6039.03
CAC,1/17/2020,6100.72
CAC,1/20/2020,6078.54
CAC,1/21/2020,6045.99
CAC,1/22/2020,6010.98
CAC,1/23/2020,5971.79
CAC,1/24/2020,6024.26
CAC,1/27/2020,5863.02
CAC,1/28/2020,5925.82
CAC,1/29/2020,5954.89
CAC,1/30/2020,5871.77
CAC,1/31/2020,5806.34
CAC,2/3/2020,5832.51
CAC,2/4/2020,5935.05
CAC,2/5/2020,5985.4
CAC,2/6/2020,6038.18
CAC,2/7/2020,6029.75
CAC,2/10/2020,6015.67
CAC,2/11/2020,6054.76
CAC,2/12/2020,6104.73
CAC,2/13/2020,6093.14
CAC,2/14/2020,6069.35
CAC,2/17/2020,6085.95
CAC,2/18/2020,6056.82
CAC,2/19/2020,6111.24
CAC,2/20/2020,6062.3
CAC,2/21/2020,6029.72
CAC,2/24/2020,5791.87
CAC,2/25/2020,5679.68
CAC,2/26/2020,5684.55
CAC,2/27/2020,5495.6
CAC,2/28/2020,5309.9
CAC,3/2/2020,5333.52
CAC,3/3/2020,5393.17
CAC,3/4/2020,5464.89
CAC,3/5/2020,5361.1
CAC,3/6/2020,5139.11
CAC,3/9/2020,4707.91
CAC,3/10/2020,4636.61
CAC,3/11/2020,4610.25
CAC,3/12/2020,4044.26
CAC,3/13/2020,4118.36
CAC,3/16/2020,3881.46
CAC,3/17/2020,3991.78
CAC,3/18/2020,3754.84
CAC,3/19/2020,3855.5
CAC,3/20/2020,4048.8
CAC,3/23/2020,3914.31
CAC,3/24/2020,4242.7
CAC,3/25/2020,4432.3
CAC,3/26/2020,4543.58
CAC,3/27/2020,4351.49
CAC,3/30/2020,4378.51
CAC,3/31/2020,4396.12
CAC,4/1/2020,4207.24
CAC,4/2/2020,4220.96
CAC,4/3/2020,4154.58
CAC,4/6/2020,4346.14
CAC,4/7/2020,4438.27
CAC,4/8/2020,4442.75
CAC,4/9/2020,4506.85
CAC,4/14/2020,4523.91
CAC,4/15/2020,4353.72
CAC,4/16/2020,4350.16
CAC,4/17/2020,4499.01
CAC,4/20/2020,4528.3
CAC,4/21/2020,4357.46
CAC,4/22/2020,4411.8
CAC,4/23/2020,4451
CAC,4/24/2020,4393.32
CAC,4/27/2020,4505.26
CAC,4/28/2020,4569.79
CAC,4/29/2020,4671.11
CAC,4/30/2020,4572.18
CAC,5/4/2020,4378.23
CAC,5/5/2020,4483.13
CAC,5/6/2020,4433.38
CAC,5/7/2020,4501.44
CAC,5/8/2020,4549.64
CAC,5/11/2020,4490.22
CAC,5/12/2020,4472.5
CAC,5/13/2020,4344.95
CAC,5/14/2020,4273.13
CAC,5/15/2020,4277.63
CAC,5/18/2020,4498.34
CAC,5/19/2020,4458.16
CAC,5/20/2020,4496.98
CAC,5/21/2020,4445.45
CAC,5/22/2020,4444.56
CAC,5/25/2020,4539.91
CAC,5/26/2020,4606.24
CAC,5/27/2020,4688.74
CAC,5/28/2020,4771.39
CAC,5/29/2020,4695.44
CAC,6/1/2020,4762.78
CAC,6/2/2020,4858.97
CAC,6/3/2020,5022.38
CAC,6/4/2020,5011.98
CAC,6/5/2020,5197.79
CAC,6/8/2020,5175.52
CAC,6/9/2020,5095.11
CAC,6/10/2020,5053.42
CAC,6/11/2020,4815.6
CAC,6/12/2020,4839.26
CAC,6/15/2020,4815.72
CAC,6/16/2020,4952.46
CAC,6/17/2020,4995.97
CAC,6/18/2020,4958.75
CAC,6/19/2020,4979.45
CAC,6/22/2020,4948.7
CAC,6/23/2020,5017.68
CAC,6/24/2020,4871.36
CAC,6/25/2020,4918.58
CAC,6/26/2020,4909.64
CAC,6/29/2020,4945.46
CAC,6/30/2020,4935.99
CAC,7/1/2020,4926.94
CAC,7/2/2020,5049.38
CAC,7/3/2020,5007.14
CAC,7/6/2020,5081.51
CAC,7/7/2020,5043.73
CAC,7/8/2020,4981.13
CAC,7/9/2020,4921.01
CAC,7/10/2020,4970.48
CAC,7/13/2020,5056.23
CAC,7/14/2020,5007.46
CAC,7/15/2020,5108.98
CAC,7/16/2020,5085.28
CAC,7/17/2020,5069.42
CAC,7/20/2020,5093.18
CAC,7/21/2020,5104.28
CAC,7/22/2020,5037.12
CAC,7/23/2020,5033.76
CAC,7/24/2020,4956.43
CAC,7/27/2020,4939.62
CAC,7/28/2020,4928.94
CAC,7/29/2020,4958.74
CAC,7/30/2020,4852.94
CAC,7/31/2020,4783.69
CAC,8/3/2020,4875.93
CAC,8/4/2020,4889.52
CAC,8/5/2020,4933.34
CAC,8/6/2020,4885.13
CAC,8/7/2020,4889.52
CAC,8/10/2020,4909.51
CAC,8/11/2020,5027.99
CAC,8/12/2020,5073.31
CAC,8/13/2020,5042.38
CAC,8/14/2020,4962.93
CAC,8/17/2020,4971.94
CAC,8/18/2020,4938.06
CAC,8/19/2020,4977.23
CAC,8/20/2020,4911.24
CAC,8/21/2020,4896.33
CAC,8/24/2020,5007.89
CAC,8/25/2020,5008.27
CAC,8/26/2020,5048.43
CAC,8/27/2020,5015.97
CAC,8/28/2020,5002.94
CAC,8/31/2020,4947.22
CAC,9/1/2020,4938.1
CAC,9/2/2020,5031.74
CAC,9/3/2020,5009.52
CAC,9/4/2020,4965.07
CAC,9/7/2020,5053.72
CAC,9/8/2020,4973.52
CAC,9/9/2020,5042.98
CAC,9/10/2020,5023.93
CAC,9/11/2020,5034.14
CAC,9/14/2020,5051.88
CAC,9/15/2020,5067.93
CAC,9/16/2020,5074.42
CAC,9/17/2020,5039.5
CAC,9/18/2020,4978.18
CAC,9/21/2020,4792.04
CAC,9/22/2020,4772.84
CAC,9/23/2020,4802.26
CAC,9/24/2020,4762.62
CAC,9/25/2020,4729.66
CAC,9/28/2020,4843.27
CAC,9/29/2020,4832.07
CAC,9/30/2020,4803.44
CAC,10/1/2020,4824.04
CAC,10/2/2020,4824.88
CAC,10/5/2020,4871.87
CAC,10/6/2020,4895.46
CAC,10/7/2020,4882
CAC,10/8/2020,4911.94
CAC,10/9/2020,4946.81
CAC,10/12/2020,4979.29
CAC,10/13/2020,4947.61
CAC,10/14/2020,4941.66
CAC,10/15/2020,4837.42
CAC,10/16/2020,4935.86
CAC,10/19/2020,4929.27
CAC,10/20/2020,4929.28
CAC,10/21/2020,4853.95
CAC,10/22/2020,4851.38
CAC,10/23/2020,4909.64
CAC,10/26/2020,4816.12
CAC,10/27/2020,4730.66
CAC,10/28/2020,4571.12
CAC,10/29/2020,4569.67
CAC,10/30/2020,4594.24
CAC,11/2/2020,4691.14
CAC,11/3/2020,4805.61
CAC,11/4/2020,4922.85
CAC,11/5/2020,4983.99
CAC,11/6/2020,4960.88
CAC,11/9/2020,5336.32
CAC,11/10/2020,5418.97
CAC,11/11/2020,5445.21
CAC,11/12/2020,5362.57
CAC,11/13/2020,5380.16
CAC,11/16/2020,5471.48
CAC,11/17/2020,5483
CAC,11/18/2020,5511.45
CAC,11/19/2020,5474.66
CAC,11/20/2020,5495.89
CAC,11/23/2020,5492.15
CAC,11/24/2020,5558.42
CAC,11/25/2020,5571.29
CAC,11/26/2020,5566.79
CAC,11/27/2020,5598.18
CAC,11/30/2020,5518.55
CAC,12/1/2020,5581.64
CAC,12/2/2020,5583.01
CAC,12/3/2020,5574.36
CAC,12/4/2020,5609.15
CAC,12/7/2020,5573.38
CAC,12/8/2020,5560.67
CAC,12/9/2020,5546.82
CAC,12/10/2020,5549.65
CAC,12/11/2020,5507.55
CAC,12/14/2020,5527.84
CAC,12/15/2020,5530.31
CAC,12/16/2020,5547.68
CAC,12/17/2020,5549.46
CAC,12/18/2020,5527.84
CAC,12/21/2020,5393.34
CAC,12/22/2020,5466.86
CAC,12/23/2020,5527.59
CAC,12/24/2020,5522.01
CAC,12/28/2020,5588.38
CAC,12/29/2020,5611.79
CAC,12/30/2020,5599.41
CAC,12/31/2020,5551.41
CAC,1/4/2021,5588.96
CAC,1/5/2021,5564.6
CAC,1/6/2021,5630.6
CAC,1/7/2021,5669.85
CAC,1/8/2021,5706.88
CAC,1/11/2021,5662.43
CAC,1/12/2021,5650.97
CAC,1/13/2021,5662.67
CAC,1/14/2021,5681.14
CAC,1/15/2021,5611.69
TOPIX,12/16/2019,1736.87
TOPIX,12/17/2019,1747.2
TOPIX,12/18/2019,1738.4
TOPIX,12/19/2019,1736.11
TOPIX,12/20/2019,1733.07
TOPIX,12/23/2019,1729.42
TOPIX,12/24/2019,1728.22
TOPIX,12/25/2019,1721.42
TOPIX,12/26/2019,1731.2
TOPIX,12/27/2019,1733.18
TOPIX,12/30/2019,1721.36
TOPIX,1/6/2020,1697.49
TOPIX,1/7/2020,1725.05
TOPIX,1/8/2020,1701.4
TOPIX,1/9/2020,1729.05
TOPIX,1/10/2020,1735.16
TOPIX,1/14/2020,1740.53
TOPIX,1/15/2020,1731.06
TOPIX,1/16/2020,1728.72
TOPIX,1/17/2020,1735.44
TOPIX,1/20/2020,1744.16
TOPIX,1/21/2020,1734.97
TOPIX,1/22/2020,1744.13
TOPIX,1/23/2020,1730.5
TOPIX,1/24/2020,1730.44
TOPIX,1/27/2020,1702.57
TOPIX,1/28/2020,1692.28
TOPIX,1/29/2020,1699.95
TOPIX,1/30/2020,1674.77
TOPIX,1/31/2020,1684.44
TOPIX,2/3/2020,1672.66
TOPIX,2/4/2020,1684.24
TOPIX,2/5/2020,1701.83
TOPIX,2/6/2020,1736.98
TOPIX,2/7/2020,1732.14
TOPIX,2/10/2020,1719.64
TOPIX,2/12/2020,1718.92
TOPIX,2/13/2020,1713.08
TOPIX,2/14/2020,1702.87
TOPIX,2/17/2020,1687.77
TOPIX,2/18/2020,1665.71
TOPIX,2/19/2020,1671.86
TOPIX,2/20/2020,1674.48
TOPIX,2/21/2020,1674
TOPIX,2/25/2020,1618.26
TOPIX,2/26/2020,1606.17
TOPIX,2/27/2020,1568.06
TOPIX,2/28/2020,1510.87
TOPIX,3/2/2020,1525.87
TOPIX,3/3/2020,1505.12
TOPIX,3/4/2020,1502.5
TOPIX,3/5/2020,1515.71
TOPIX,3/6/2020,1471.46
TOPIX,3/9/2020,1388.97
TOPIX,3/10/2020,1406.68
TOPIX,3/11/2020,1385.12
TOPIX,3/12/2020,1327.88
TOPIX,3/13/2020,1261.7
TOPIX,3/16/2020,1236.34
TOPIX,3/17/2020,1268.46
TOPIX,3/18/2020,1270.84
TOPIX,3/19/2020,1283.22
TOPIX,3/23/2020,1292.01
TOPIX,3/24/2020,1333.1
TOPIX,3/25/2020,1424.62
TOPIX,3/26/2020,1399.32
TOPIX,3/27/2020,1459.49
TOPIX,3/30/2020,1435.54
TOPIX,3/31/2020,1403.04
TOPIX,4/1/2020,1351.08
TOPIX,4/2/2020,1329.87
TOPIX,4/3/2020,1325.13
TOPIX,4/6/2020,1376.3
TOPIX,4/7/2020,1403.21
TOPIX,4/8/2020,1425.47
TOPIX,4/9/2020,1416.98
TOPIX,4/10/2020,1430.04
TOPIX,4/13/2020,1405.91
TOPIX,4/14/2020,1433.51
TOPIX,4/15/2020,1434.07
TOPIX,4/16/2020,1422.24
TOPIX,4/17/2020,1442.54
TOPIX,4/20/2020,1432.41
TOPIX,4/21/2020,1415.89
TOPIX,4/22/2020,1406.9
TOPIX,4/23/2020,1425.98
TOPIX,4/24/2020,1421.29
TOPIX,4/27/2020,1447.25
TOPIX,4/28/2020,1449.15
TOPIX,4/30/2020,1464.03
TOPIX,5/1/2020,1431.26
TOPIX,5/7/2020,1426.73
TOPIX,5/8/2020,1458.28
TOPIX,5/11/2020,1480.62
TOPIX,5/12/2020,1476.72
TOPIX,5/13/2020,1474.69
TOPIX,5/14/2020,1446.55
TOPIX,5/15/2020,1453.77
TOPIX,5/18/2020,1459.29
TOPIX,5/19/2020,1486.05
TOPIX,5/20/2020,1494.69
TOPIX,5/21/2020,1491.21
TOPIX,5/22/2020,1477.8
TOPIX,5/25/2020,1502.2
TOPIX,5/26/2020,1534.73
TOPIX,5/27/2020,1549.47
TOPIX,5/28/2020,1577.34
TOPIX,5/29/2020,1563.67
TOPIX,6/1/2020,1568.75
TOPIX,6/2/2020,1587.68
TOPIX,6/3/2020,1599.08
TOPIX,6/4/2020,1603.82
TOPIX,6/5/2020,1612.48
TOPIX,6/8/2020,1630.72
TOPIX,6/9/2020,1628.43
TOPIX,6/10/2020,1624.71
TOPIX,6/11/2020,1588.92
TOPIX,6/12/2020,1570.68
TOPIX,6/15/2020,1530.78
TOPIX,6/16/2020,1593.45
TOPIX,6/17/2020,1587.09
TOPIX,6/18/2020,1583.09
TOPIX,6/19/2020,1582.8
TOPIX,6/22/2020,1579.09
TOPIX,6/23/2020,1587.14
TOPIX,6/24/2020,1580.5
TOPIX,6/25/2020,1561.85
TOPIX,6/26/2020,1577.37
TOPIX,6/29/2020,1549.22
TOPIX,6/30/2020,1558.77
TOPIX,7/1/2020,1538.61
TOPIX,7/2/2020,1542.76
TOPIX,7/3/2020,1552.33
TOPIX,7/6/2020,1577.15
TOPIX,7/7/2020,1571.71
TOPIX,7/8/2020,1557.23
TOPIX,7/9/2020,1557.24
TOPIX,7/10/2020,1535.2
TOPIX,7/13/2020,1573.02
TOPIX,7/14/2020,1565.15
TOPIX,7/15/2020,1589.51
TOPIX,7/16/2020,1579.06
TOPIX,7/17/2020,1573.85
TOPIX,7/20/2020,1577.03
TOPIX,7/21/2020,1582.74
TOPIX,7/22/2020,1572.96
TOPIX,7/27/2020,1576.69
TOPIX,7/28/2020,1569.12
TOPIX,7/29/2020,1549.04
TOPIX,7/30/2020,1539.47
TOPIX,7/31/2020,1496.06
TOPIX,8/3/2020,1522.64
TOPIX,8/4/2020,1555.26
TOPIX,8/5/2020,1554.71
TOPIX,8/6/2020,1549.88
TOPIX,8/7/2020,1546.74
TOPIX,8/11/2020,1585.96
TOPIX,8/12/2020,1605.53
TOPIX,8/13/2020,1624.15
TOPIX,8/14/2020,1623.38
TOPIX,8/17/2020,1609.82
TOPIX,8/18/2020,1610.85
TOPIX,8/19/2020,1613.73
TOPIX,8/20/2020,1599.2
TOPIX,8/21/2020,1604.06
TOPIX,8/24/2020,1607.13
TOPIX,8/25/2020,1625.23
TOPIX,8/26/2020,1624.48
TOPIX,8/27/2020,1615.89
TOPIX,8/28/2020,1604.87
TOPIX,8/31/2020,1618.18
TOPIX,9/1/2020,1615.81
TOPIX,9/2/2020,1623.4
TOPIX,9/3/2020,1631.24
TOPIX,9/4/2020,1616.6
TOPIX,9/7/2020,1609.74
TOPIX,9/8/2020,1620.89
TOPIX,9/9/2020,1605.4
TOPIX,9/10/2020,1624.86
TOPIX,9/11/2020,1636.64
TOPIX,9/14/2020,1651.1
TOPIX,9/15/2020,1640.84
TOPIX,9/16/2020,1644.35
TOPIX,9/17/2020,1638.4
TOPIX,9/18/2020,1646.42
TOPIX,9/23/2020,1644.25
TOPIX,9/24/2020,1626.44
TOPIX,9/25/2020,1634.23
TOPIX,9/28/2020,1661.93
TOPIX,9/29/2020,1658.1
TOPIX,9/30/2020,1625.49
TOPIX,10/2/2020,1609.22
TOPIX,10/5/2020,1637.25
TOPIX,10/6/2020,1645.75
TOPIX,10/7/2020,1646.47
TOPIX,10/8/2020,1655.47
TOPIX,10/9/2020,1647.38
TOPIX,10/12/2020,1643.35
TOPIX,10/13/2020,1649.1
TOPIX,10/14/2020,1643.9
TOPIX,10/15/2020,1631.79
TOPIX,10/16/2020,1617.69
TOPIX,10/19/2020,1637.98
TOPIX,10/20/2020,1625.74
TOPIX,10/21/2020,1637.6
TOPIX,10/22/2020,1619.79
TOPIX,10/23/2020,1625.32
TOPIX,10/26/2020,1618.98
TOPIX,10/27/2020,1617.53
TOPIX,10/28/2020,1612.55
TOPIX,10/29/2020,1610.93
TOPIX,10/30/2020,1579.33
TOPIX,11/2/2020,1607.95
TOPIX,11/4/2020,1627.25
TOPIX,11/5/2020,1649.94
TOPIX,11/6/2020,1658.49
TOPIX,11/9/2020,1681.9
TOPIX,11/10/2020,1700.8
TOPIX,11/11/2020,1729.07
TOPIX,11/12/2020,1726.23
TOPIX,11/13/2020,1703.22
TOPIX,11/16/2020,1731.81
TOPIX,11/17/2020,1734.66
TOPIX,11/18/2020,1720.65
TOPIX,11/19/2020,1726.41
TOPIX,11/20/2020,1727.39
TOPIX,11/24/2020,1762.4
TOPIX,11/25/2020,1767.67
TOPIX,11/26/2020,1778.25
TOPIX,11/27/2020,1786.52
TOPIX,11/30/2020,1754.92
TOPIX,12/1/2020,1768.38
TOPIX,12/2/2020,1773.97
TOPIX,12/3/2020,1775.25
TOPIX,12/4/2020,1775.94
TOPIX,12/7/2020,1760.75
TOPIX,12/8/2020,1758.81
TOPIX,12/9/2020,1779.42
TOPIX,12/10/2020,1776.21
TOPIX,12/11/2020,1782.01
TOPIX,12/14/2020,1790.52
TOPIX,12/15/2020,1782.05
TOPIX,12/16/2020,1786.83
TOPIX,12/17/2020,1792.58
TOPIX,12/18/2020,1793.24
TOPIX,12/21/2020,1789.05
TOPIX,12/22/2020,1761.12
TOPIX,12/23/2020,1765.21
TOPIX,12/24/2020,1774.27
TOPIX,12/25/2020,1778.41
TOPIX,12/28/2020,1788.04
TOPIX,12/29/2020,1819.18
TOPIX,12/30/2020,1804.68
TOPIX,1/4/2021,1794.59
TOPIX,1/5/2021,1791.22
TOPIX,1/6/2021,1796.18
TOPIX,1/7/2021,1826.3
TOPIX,1/8/2021,1854.94
TOPIX,1/12/2021,1857.94
TOPIX,1/13/2021,1864.4
TOPIX,1/14/2021,1873.28
TOPIX,1/15/2021,1856.61
MDAX,12/16/2019,28254.4
MDAX,12/17/2019,28298.07
MDAX,12/18/2019,28192.36
MDAX,12/19/2019,28316.18
MDAX,12/20/2019,28440.98
MDAX,12/23/2019,28545.29
MDAX,12/27/2019,28537.47
MDAX,12/30/2019,28312.8
MDAX,1/2/2020,28608.3
MDAX,1/3/2020,28451.33
MDAX,1/6/2020,28193.27
MDAX,1/7/2020,28287.08
MDAX,1/8/2020,28377.8
MDAX,1/9/2020,28554.01
MDAX,1/10/2020,28470.89
MDAX,1/13/2020,28405.66
MDAX,1/14/2020,28462.47
MDAX,1/15/2020,28407.22
MDAX,1/16/2020,28470.39
MDAX,1/17/2020,28669.65
MDAX,1/20/2020,28811.24
MDAX,1/21/2020,28767.96
MDAX,1/22/2020,28754.12
MDAX,1/23/2020,28480.53
MDAX,1/24/2020,28802.24
MDAX,1/27/2020,28133.89
MDAX,1/28/2020,28354.84
MDAX,1/29/2020,28513.5
MDAX,1/30/2020,28186.14
MDAX,1/31/2020,27984.32
MDAX,2/3/2020,28046.05
MDAX,2/4/2020,28441.9
MDAX,2/5/2020,28780.27
MDAX,2/6/2020,28908.75
MDAX,2/7/2020,28671.9
MDAX,2/10/2020,28781.24
MDAX,2/11/2020,29195.34
MDAX,2/12/2020,29238.36
MDAX,2/13/2020,29172.67
MDAX,2/14/2020,29214.88
MDAX,2/17/2020,29316.34
MDAX,2/18/2020,29057.8
MDAX,2/19/2020,29355.19
MDAX,2/20/2020,29176.9
MDAX,2/21/2020,28983.39
MDAX,2/24/2020,27884.91
MDAX,2/25/2020,27315.42
MDAX,2/26/2020,27126.89
MDAX,2/27/2020,26196.77
MDAX,2/28/2020,25366.62
MDAX,3/2/2020,25348.33
MDAX,3/3/2020,25897.56
MDAX,3/4/2020,26091.33
MDAX,3/5/2020,25679.69
MDAX,3/6/2020,24750.77
MDAX,3/9/2020,23091.71
MDAX,3/10/2020,22901.96
MDAX,3/11/2020,22637.93
MDAX,3/12/2020,20168.02
MDAX,3/13/2020,20256.48
MDAX,3/16/2020,19230.2
MDAX,3/17/2020,18954.61
MDAX,3/18/2020,17909.4
MDAX,3/19/2020,18559.78
MDAX,3/20/2020,19521.15
MDAX,3/23/2020,18837.03
MDAX,3/24/2020,20181.98
MDAX,3/25/2020,20762.04
MDAX,3/26/2020,21426.13
MDAX,3/27/2020,20618.22
MDAX,3/30/2020,20651.22
MDAX,3/31/2020,21040.71
MDAX,4/1/2020,20432.3
MDAX,4/2/2020,20488.22
MDAX,4/3/2020,20345.74
MDAX,4/6/2020,21101.1
MDAX,4/7/2020,21538.13
MDAX,4/8/2020,21704.44
MDAX,4/9/2020,22100.17
MDAX,4/14/2020,22374.2
MDAX,4/15/2020,21722.09
MDAX,4/16/2020,21792.67
MDAX,4/17/2020,22356.36
MDAX,4/20/2020,22460.84
MDAX,4/21/2020,21948.25
MDAX,4/22/2020,22274.84
MDAX,4/23/2020,22506.81
MDAX,4/24/2020,22240.69
MDAX,4/27/2020,22584.22
MDAX,4/28/2020,22817.07
MDAX,4/29/2020,23406.05
MDAX,4/30/2020,23043.7
MDAX,5/4/2020,22431.37
MDAX,5/5/2020,23117.73
MDAX,5/6/2020,23082.78
MDAX,5/7/2020,23742.94
MDAX,5/8/2020,23965.21
MDAX,5/11/2020,23865.82
MDAX,5/12/2020,23819.97
MDAX,5/13/2020,23546.44
MDAX,5/14/2020,22994.51
MDAX,5/15/2020,23270.68
MDAX,5/18/2020,24087.72
MDAX,5/19/2020,24198.38
MDAX,5/20/2020,24478.88
MDAX,5/21/2020,24406.91
MDAX,5/22/2020,24590.01
MDAX,5/25/2020,25085.86
MDAX,5/26/2020,25446.6
MDAX,5/27/2020,25152.03
MDAX,5/28/2020,25633.68
MDAX,5/29/2020,25396
MDAX,6/2/2020,26080.63
MDAX,6/3/2020,26677.43
MDAX,6/4/2020,26760.42
MDAX,6/5/2020,27199.76
MDAX,6/8/2020,26991.1
MDAX,6/9/2020,26523.55
MDAX,6/10/2020,26393.34
MDAX,6/11/2020,25514.79
MDAX,6/12/2020,25477.06
MDAX,6/15/2020,25434.54
MDAX,6/16/2020,26056.52
MDAX,6/17/2020,26205.73
MDAX,6/18/2020,26201.35
MDAX,6/19/2020,26246
MDAX,6/22/2020,25973.96
MDAX,6/23/2020,26168.83
MDAX,6/24/2020,25523.98
MDAX,6/25/2020,25879.25
MDAX,6/26/2020,25620.35
MDAX,6/29/2020,25668.74
MDAX,6/30/2020,25840.3
MDAX,7/1/2020,26080.66
MDAX,7/2/2020,26627.46
MDAX,7/3/2020,26600.49
MDAX,7/6/2020,27060.39
MDAX,7/7/2020,26909.23
MDAX,7/8/2020,26758.99
MDAX,7/9/2020,26555.63
MDAX,7/10/2020,26673.94
MDAX,7/13/2020,26984.24
MDAX,7/14/2020,26689.7
MDAX,7/15/2020,27078.72
MDAX,7/16/2020,27065.66
MDAX,7/17/2020,26937.43
MDAX,7/20/2020,27118.42
MDAX,7/21/2020,27234.98
MDAX,7/22/2020,27390.38
MDAX,7/23/2020,27311.54
MDAX,7/24/2020,26650.24
MDAX,7/27/2020,26612.95
MDAX,7/28/2020,26748.04
MDAX,7/29/2020,26829.19
MDAX,7/30/2020,26265.42
MDAX,7/31/2020,26191.82
MDAX,8/3/2020,26670.76
MDAX,8/4/2020,26559.84
MDAX,8/5/2020,26876.24
MDAX,8/6/2020,26803.37
MDAX,8/7/2020,27142.45
MDAX,8/10/2020,27175.43
MDAX,8/11/2020,27609.69
MDAX,8/12/2020,27781.23
MDAX,8/13/2020,27707.71
MDAX,8/14/2020,27313.16
MDAX,8/17/2020,27490.02
MDAX,8/18/2020,27311.83
MDAX,8/19/2020,27402.47
MDAX,8/20/2020,27208.02
MDAX,8/21/2020,27266.79
MDAX,8/24/2020,27630.39
MDAX,8/25/2020,27601.8
MDAX,8/26/2020,27861.67
MDAX,8/27/2020,27673.74
MDAX,8/28/2020,27527.34
MDAX,8/31/2020,27453.17
MDAX,9/1/2020,27521.7
MDAX,9/2/2020,27893.91
MDAX,9/3/2020,27222.64
MDAX,9/4/2020,26901.86
MDAX,9/7/2020,27567.09
MDAX,9/8/2020,27210.34
MDAX,9/9/2020,27534.84
MDAX,9/10/2020,27481.91
MDAX,9/11/2020,27346.16
MDAX,9/14/2020,27574.57
MDAX,9/15/2020,27498.89
MDAX,9/16/2020,27691.99
MDAX,9/17/2020,27622.17
MDAX,9/18/2020,27512.91
MDAX,9/21/2020,26499.95
MDAX,9/22/2020,26599.84
MDAX,9/23/2020,26775.95
MDAX,9/24/2020,26424.05
MDAX,9/25/2020,26452.76
MDAX,9/28/2020,26966.92
MDAX,9/29/2020,26969.27
MDAX,9/30/2020,27006.81
MDAX,10/1/2020,27348.27
MDAX,10/2/2020,27249.15
MDAX,10/5/2020,27706.29
MDAX,10/6/2020,27668
MDAX,10/7/2020,27617.71
MDAX,10/8/2020,27835.11
MDAX,10/9/2020,28003.13
MDAX,10/12/2020,28158.28
MDAX,10/13/2020,27876.04
MDAX,10/14/2020,27888.65
MDAX,10/15/2020,27462.63
MDAX,10/16/2020,27765.2
MDAX,10/19/2020,27815.35
MDAX,10/20/2020,27692.89
MDAX,10/21/2020,27165.35
MDAX,10/22/2020,27189.17
MDAX,10/23/2020,27279.59
MDAX,10/26/2020,26703.58
MDAX,10/27/2020,26604.78
MDAX,10/28/2020,25884.13
MDAX,10/29/2020,25801.82
MDAX,10/30/2020,25721
MDAX,11/2/2020,26079.23
MDAX,11/3/2020,26571.82
MDAX,11/4/2020,27241.37
MDAX,11/5/2020,27498.94
MDAX,11/6/2020,27346.29
MDAX,11/9/2020,27793.97
MDAX,11/10/2020,27984.82
MDAX,11/11/2020,28408.82
MDAX,11/12/2020,28334.02
MDAX,11/13/2020,28512.96
MDAX,11/16/2020,28732.11
MDAX,11/17/2020,28650.69
MDAX,11/18/2020,28799.05
MDAX,11/19/2020,28745.5
MDAX,11/20/2020,28998.47
MDAX,11/23/2020,28998.58
MDAX,11/24/2020,29029.42
MDAX,11/25/2020,29029.48
MDAX,11/26/2020,29146.11
MDAX,11/27/2020,29374.63
MDAX,11/30/2020,29301.46
MDAX,12/1/2020,29352.27
MDAX,12/2/2020,29242.44
MDAX,12/3/2020,29287.18
MDAX,12/4/2020,29517.75
MDAX,12/7/2020,29474.44
MDAX,12/8/2020,29653.86
MDAX,12/9/2020,29620.95
MDAX,12/10/2020,29689.13
MDAX,12/11/2020,29608.5
MDAX,12/14/2020,29727.59
MDAX,12/15/2020,29743.89
MDAX,12/16/2020,29974.13
MDAX,12/17/2020,30205.17
MDAX,12/18/2020,30405.62
MDAX,12/21/2020,29866.47
MDAX,12/22/2020,30233.41
MDAX,12/23/2020,30413.79
MDAX,12/28/2020,30655.69
MDAX,12/29/2020,30912.39
MDAX,12/30/2020,30796.26
MDAX,1/4/2021,30950.6
MDAX,1/5/2021,31059.88
MDAX,1/6/2021,31121.01
MDAX,1/7/2021,31224.28
MDAX,1/8/2021,31356.65
MDAX,1/11/2021,31102.2
MDAX,1/12/2021,31188.35
MDAX,1/13/2021,31308.3
MDAX,1/14/2021,31572.08
MDAX,1/15/2021,31035.92
